<?xml version="1.0" encoding="UTF-8"?>
<!DOCTYPE mapper PUBLIC "-//mybatis.org//DTD Mapper 3.0//EN" "http://mybatis.org/dtd/mybatis-3-mapper.dtd">
<mapper namespace="site.metacoding.miniproject.domain.need_skill.NeedSkillDao">

    <select id="findAll" resultType="site.metacoding.miniproject.domain.need_skill.NeedSkill">
        SELECT *
        FROM Need_Skill
      </select>

    <select id="findById" resultType="site.metacoding.miniproject.domain.need_skill.NeedSkill">
        SELECT *
        FROM Need_Skill
        WHERE Need_Skill_Id = #{needSkillId}
      </select>

    <insert id="insert">
        INSERT INTO Need_Skill(notice_id, skill, created_At)
        VALUE(#{noticeId}, #{skill}, now())
      </insert>

    <delete id="deleteById">
        DELETE FROM Need_Skill
        WHERE Need_Skill_Id = #{needSkillId}
      </delete>

    <update id="update">
        Update Need_Skill
        SET skill = #{skill}
        WHERE Need_Skill_Id = #{needSkillId}
      </update>


</mapper>