<?xml version="1.0" encoding="UTF-8"?>
<!DOCTYPE mapper PUBLIC "-//mybatis.org//DTD Mapper 3.0//EN" "http://mybatis.org/dtd/mybatis-3-mapper.dtd">
<mapper namespace="site.metacoding.miniproject.domain.person.PersonDao">

  <select id="findAll" resultType="site.metacoding.miniproject.domain.person.Person">
    SELECT *
    FROM person
	FETCH NEXT 20 ROWS ONLY
  </select>

  <select id="findById" resultType="site.metacoding.miniproject.domain.person.Person">
    SELECT *
    FROM person
    WHERE person_id = #{personId}
  </select>

  <insert id="insert">
    INSERT INTO person(user_id, person_name, person_email, is_Gender, address, degree, career, created_At )
    VALUE(#{userId}, #{personName}, #{personEmail}, #{isGender}, #{address}, #{degree}, #{career}, now())
  </insert>

  <delete id="deleteById">
    DELETE FROM person
    WHERE person_id = #{personId}
  </delete>

  <update id="update">
    Update person
    SET person_name =#{personName}, person_email = #{personEmail} , 
    is_Gender=#{isGender}, address=#{address}, degree=#{degree}, career =#{career}
    WHERE person_id = #{personId}
  </update>
  
  <select id="findByDegree" resultType="Integer">
    SELECT person_id
    FROM person
    WHERE degree = #{degree}
    FETCH NEXT 20 ROWS ONLY
  </select>
  
  <select id="findByCareer" resultType="Integer">
	SELECT person_id
	FROM
	(SELECT person_id, career
	FROM person
	WHERE career >= #{career}
	ORDER BY career asc
	FETCH NEXT 20 ROWS ONLY
	) pp;
  </select>

</mapper>