<?xml version="1.0" encoding="UTF-8"?>
<!DOCTYPE mapper PUBLIC "-//mybatis.org//DTD Mapper 3.0//EN" "http://mybatis.org/dtd/mybatis-3-mapper.dtd">
<mapper namespace="site.metacoding.miniproject.domain.resume.ResumeDao">
  <select id="findAll" resultType="site.metacoding.miniproject.domain.resume.Resume">
    SELECT *
    FROM resume
  </select>

  <select id="findById" resultType="site.metacoding.miniproject.domain.resume.Resume">
    SELECT *
    FROM resume
    WHERE resume_id = #{resumeId}
  </select>

  <insert id="insert">
    INSERT INTO resume(person_id, photo, introduction, my_cloud, created_At )
    VALUE(#{personId}, #{photo}, #{introduction}, #{myCloud}, now())
  </insert>

  <delete id="deleteById">
    DELETE FROM resume
    WHERE resume_id = #{resumeId}
  </delete>

  <update id="update">
    Update resume
    SET photo = #{photo} , introduction = #{introduction} ,my_cloud =#{myCloud}
    WHERE resume_id = #{resumeId}
  </update>

</mapper>