<?xml version="1.0" encoding="UTF-8"?>
<!DOCTYPE mapper PUBLIC "-//mybatis.org//DTD Mapper 3.0//EN" "http://mybatis.org/dtd/mybatis-3-mapper.dtd">
<mapper namespace="site.metacoding.miniproject.domain.submit_resume.SubmitResumeDao">

  <select id="findAll" resultType="site.metacoding.miniproject.domain.submit_resume.SubmitResume">
    SELECT *
    FROM submit_resume
  </select>

  <select id="findById" resultType="site.metacoding.miniproject.domain.submit_resume.SubmitResume">
    SELECT *
    FROM submit_resume
    WHERE submit_resume_Id = #{submitResumeId}
  </select>

  <insert id="insert">
    INSERT INTO submit_resume(resumeId, companyId, created_At)
    VALUE(#{resumeId}, #{companyId}, now())
  </insert>

  <delete id="deleteById">
    DELETE FROM submit_resume
    WHERE submit_resume_Id = #{submitResumeId}
  </delete>

  <update id="update"></update>

</mapper>