<?xml version="1.0" encoding="UTF-8"?>
<!DOCTYPE mapper PUBLIC "-//mybatis.org//DTD Mapper 3.0//EN" "http://mybatis.org/dtd/mybatis-3-mapper.dtd">
<mapper namespace="site.metacoding.miniproject.domain.user.UserDao">

  <select id="findAll" resultType="site.metacoding.miniproject.domain.user.User">
    SELECT *
    FROM user
  </select>

  <select id="findById" resultType="site.metacoding.miniproject.domain.user.User">
    SELECT *
    FROM user
    WHERE user_id = #{userId}
  </select>

  <select id="findByUsername" resultType="site.metacoding.miniproject.domain.user.User">
    SELECT *
    FROM user
    WHERE username = #{username}
  </select>

  <insert id="insert">
    INSERT INTO user(username, password, role, created_at )
    VALUE(#{username}, #{password}, #{role}, now())
  </insert>

  <delete id="deleteById">
    DELETE FROM user
    WHERE user_id = #{userId}
  </delete>

  <update id="update">
    Update user
    SET password = #{password}
    WHERE user_id = #{userId}
  </update>

</mapper>